artist,song,album_name,lyrics,word_count,char_count
Billie Eilish,SKINNY,HIT ME HARD AND SOFT,"Hmm, hmm
I fell in love for the first time
With a friend, it's a good sign
Feelin' off when I feel fine
Twenty-one took a lifetime
People say I look happy
Just because I got skinny
But the old me is still me and maybe the real me
And I think she's pretty
And I still cry
Cry
And you know why
Am I acting my age now?
Am I already on the way out?
When I step off the stage, I'm a bird in a cage
I'm a dog in a dog pound
And you said I was your secret
And you didn't get to keep it
And the internet is hungry for the meanest kind of funny
And somebody's gotta feed it
Oh, do you still cry?
Still cry
Cry
I nеver did you wrong (Never did you wrong)
And my (Oh), my patiеnce is gone (Is gone)
And I (I), I never did you wrong (You)
I, I loved you for so long (Hmm)",168,759
Billie Eilish,LUNCH,HIT ME HARD AND SOFT,"Oh, mm-mm
I could eat that girl for lunch
Yeah, she dances on my tongue
Tastes like she might be the one
And I could never get enough
I could buy her so much stuff
It's a craving, not a crush, huh
""Call me when you're there""
Said, ""I bought you somethin' rare
And I left it under 'Claire'""
So now, she's comin' up the stairs
So I'm pullin' up a chair
And I'm puttin' up my hair
Baby, I think you were made for me
Somebody write down the recipe
Been tryin' hard not to overeat
You're just so sweet
I'll run a shower for you like you want
Clothеs on the counter for you, try 'em on
If I'm allowеd, I'll help you take 'em off
Huh
I could eat that girl for lunch
Yeah, she dances on my tongue
Tastes like she might be the one
And I could never get enough
I could buy her so much stuff
It's a craving, not a crush, huh
Oh, I just wanna get her off, oh
Oh
Oh, oh
Oh
She's takin' pictures in the mirror
Oh, my God, her skin's so clear
Tell her, ""Bring that over here""
You need a seat? I'll volunteer
Now she's smilin' ear to ear
She's the headlights, I'm the deer
I've said it all before, but I'll say it again
I'm interested in more than just bein' your friend
I don't wanna break it, just want it to bend
Do you know how to bend?
I could eat that girl for lunch
She dances on my tongue
I know it's just a hunch
But she might be the one
I could
Eat that girl for lunch
Yeah, she
Tastes like she might be the one
I could
I could
Eat that girl for lunch
Yeah, she
Yeah, she
Tastes like she might be the one",313,1498
Billie Eilish,CHIHIRO,HIT ME HARD AND SOFT,"To take my love away
When I come back around, will I know what to say?
Said you won't forget my name
Not today, not tomorrow
Kinda strange, feelin' sorrow
I got change (Yup), you could borrow (Borrow, borrow, borrow)
When I come back around, will I know what to say?
Not today, maybe tomorrow
Open up the door, can you open up the door?
I know you said before you can't cope with any more
You told me it was war, said you'd show me what's in store
I hope it's not for sure, can you open up the door?
Did you take
My love away
From me? Me
Me
Saw your seat at the counter when I looked away
Saw you turn around, but it wasn't your face
Said, ""I need to be alone now, I'm takin' a break""
How come when I rеturned, you were gonе away?
I don't, I don't know why I called
I don't know you at all
I don't know you
Not at all
I don't, I don't know why I called
I don't know you at all
I don't know you
Did you take
My love away
From me? Me
And that's when you found me
I was waitin' in the garden
Contemplatin', beg your pardon
But there's a part of me that recognizes you
Do you feel it too?
When you told me it was serious
Were you serious? Mm
They told me they were only curious
Now it's serious, mm
Open up the door, can you open up the door?
I know you said before you can't cope with any more
You told me it was war, said you'd show me what's in store
I hope it's not for sure, can you open up the door?
Wringing my hands in my lap
And they tell me it's all been a trap
And you don't know if you'll make it back
I said, ""No, don't say that""
(Wringing my hands in my lap)
(And you tell me it's all been a trap)
(And you don't know if you'll make it back)
(But I said, ""No, don't say that"")
(Wringing my hands in my lap)
(Tell me it's all been a trap)
(Don't know if you'll make it back)
(Don't say that)
Hm-hm",381,1806
Billie Eilish,BIRDS OF A FEATHER,HIT ME HARD AND SOFT,"(But I wanna stay)
I want you to stay
'Til I'm in the grave
'Til I rot away, dead and buried
'Til I'm in the casket you carry
If you go, I'm goin' too, uh
'Cause it was always you (Alright)
And if I'm turnin' blue, please don't save me
Nothin' left to lose without my baby
Birds of a feather, we should stick together, I know
I said I'd never think I wasn't better alone
Can't change the weather, might not be forever
But if it's forever, it's even better
And I don't know what I'm cryin' for
I don't think I could love you more
It might not be long, but baby, I
I'll love you 'til the day that I die
'Til the day that I die
'Til the light leaves my eyes
'Til the day that I die
I want you to see, hm
How you look to me, hm
You wouldn't believe if I told ya
You would keep the compliments I throw ya
But you're so full of shit, uh
Tell me it's a bit, oh
Say you don't see it, your mind's polluted
Say you wanna quit, don't be stupid
And I don't know what I'm cryin' for
I don't think I could love you more
It might not be long, but baby, I
Don't wanna say goodbye
Birds of a feather, we should stick together, I know ('Til the day that I die)
I said I'd never think I wasn't better alone ('Til the light leaves my eyes)
Can't change the weather, might not be forever ('Til the day that I die)
But if it's forever, it's even better
I knew you in another life
You had that same look in your eyes
I love you, don't act so surprised",298,1428
Billie Eilish,WILDFLOWER,HIT ME HARD AND SOFT,"Things fall apart
And time breaks your heart
I wasn't there, but I know
She was your girl
You showed her the world
But fell out of love and you both let go
She was cryin’ on my shoulder
All I could do was hold her
Only made us closer until July
Now, I know that you love me
You don't need to remind me
I should put it all behind me, shouldn't I?
But I see her in the back of my mind all the time
Like a fever, like I’m burning alive, like a sign
Did I cross the line?
(Mm) Hmm
Well, good things don't last (Good things don't last)
And life moves so fast (Life moves so fast)
I'd never ask who was better (I'd never ask who was better)
'Cause she couldn't be (Couldn't)
More different from me (Different)
Happy and free in leather (Happy)
And I know that you love me (You love me)
You don’t need to remind me (Remind me)
Wanna put it all behind me, but baby
I see her in the back of my mind (Back of my mind) all the time (All the time)
Feels like a fever (Like a fever), like I’m burning alive (Burning alive), like a sign
Did I cross the line?
You say no one knows you so well (Oh)
But every time you touch me, I just wonder how she felt
Valentine's Day, cryin’ in the hotel
I know you didn't mean to hurt me, so I kept it to myself
And I wonder
Do you see her in the back of your mind in my eyes?
You say no one knows you so well
But every time you touch me, I just wonder how she felt
Valentine's Day, cryin' in the hotel
I know you didn’t mean to hurt me, so I kept it to myself",313,1482
Billie Eilish,THE GREATEST,HIT ME HARD AND SOFT,"I'm trying my best
To keep you satisfied
Let you get your rest
While I stayed up all night
And you don't wanna know
How alone I've been
Let you come and go
Whatever state I'm in, ah
Man, am I the greatest?
My congratulations
All my love and patience
All my admiration
All the times I waited
For you to want me naked
Made it all look painless
Man, am I the greatest?
Hm
Oh-oh, hm
Doing what's right
Without a reward
And we don't have to fight
When it's not worth fighting for (Fighting for), mm
And you don't wanna know (Know)
What I would've done (Done), hm
Anything at all
Worse than anyone
Mm, ooh
And man, am I the greatest? (Greatest)
My congratulations (Congratulations)
All my love and patience
All my admiration (Admiration)
All the times I waited (Waited)
For you to want me naked (Naked)
I made it all look painless
Man, am I the greatest?
The greatest
The greatest, ah-oh
I, I
I loved you
And I still do
Just wanted passion from you
Just wanted what I gave you
I waited
And waited (Oh)
Man, am I the greatest?
God, I hate it
All my love and patience
Unappreciated
You said your heart was jaded
You couldn't even break it
I shouldn't have to say it
You could've been the greatest",228,1188
Billie Eilish,L’AMOUR DE MA VIE,HIT ME HARD AND SOFT,"I wish you the best for the rest of your life
Felt sorry for you when I looked in your eyes
But I need to confess, I told you a lie
I said you
You were the love of my life
The love of my life
Did I break your heart?
Did I waste your time?
I tried to be there for you
Then you tried to break mine
It isn't asking for a lot for an apology
For making me feel like it'd kill you if I tried to leave
You said you'd never fall in love again because of me
Then you moved on immediately (Bum, bum, bum)
But I wish you the best for the rest of your life
Felt sorry for you when I looked in your eyes
But I need to confess, I told you a lie (Told you a lie)
When I said you (I said you)
You (You) were the love of my life
The love of my life
So you found her, now go fall in love (Go fall in love)
Just like we were if I ever was (If I ever was)
It's not my fault, I did what I could (Did what I could)
You made it so hard like I knew you would
Thought I was depressed or losing my mind
My stomach upset almost all of the time
But after I left, it was obvious why (Oh), mm
Because for you, you
I was the love of your life, mm
But you were not mine (But you were not mine)
It isn't asking for a lot for an apology
For making me feel like it'd kill you if I tried to leave
You said you'd never fall in love again because of me
Then you moved on, then you moved on
Then you moved on, then you moved on
Then you moved on, then you moved on
Ooh
You wanted to keep it
Like somethin' you found
'Til you didn't need it
But you should've seen it
The way it went down
Wouldn't believe it
Wanna know what I told her
With her hand on my shoulder?
You were so mediocre
And we're so glad it's over now
It's over now
It's over now
It's over now
Camera
Caught on camera
The girl's on camera
Your girl's a fan of—
You miss me
Say you miss me
It's such a pity
We're both so pretty",407,1852
Billie Eilish,THE DINER,HIT ME HARD AND SOFT,"Don't be afraid of me
I'm what you need
I saw you on the screens
I know we're meant to be
You're starrin' in my dreams
In magazines
You're lookin' right at me (You're lookin' right at me)
I'm here around the clock
I'm waitin' on your block (I'm waitin' on your block)
But please don't call the cops
They'll make me stop
And I just wanna talk (I just wanna talk)
Bet I could change your life
You could be my wife
Could get into a fight
I'll say, ""You're right""
And you'll kiss me goodnight
I waited on the corner 'til I saw the sitter leave
Was easy getting over and I landed on my feet
I came in through the kitchen lookin' for something to eat
I left a calling card so they would know that it was me
(Ah, ah, ah)
I tried to save you, but I failed
Two fifty thousand dollar bail (Two hundred fifty thousand dollar)
While I'm away, don't read my mail (Don't read my mail)
Just bring a veil (Just bring a veil)
And come visit me in jail (Visit me in jail)
I'll go back to the diner
I'll write another letter (I'll write another letter)
I hope you'll read it this time
You better
The cops around the corner stopped me when I tried to leave
They told me I was crazy and they knocked me off my feet (They told me I was crazy)
They came in through the kitchen lookin' for something discreet
I left a calling card so they would know that it was me
(Ah, ah, know that it was me)
I memorized your number, now I call you when I please
I tried to end it all, but now I'm back up on my feet
I saw you in the car with someone else and couldn't sleep
If somethin' happens to him, you can bet that it was me
3956
310-807-3956
310-807-3956",328,1623
Billie Eilish,BITTERSUITE,HIT ME HARD AND SOFT,"I can't fall in love with you
I've been overseas
I've been havin' dreams
You were in the foyer
I was on my knees
Outside of my body
Watchin' from above
I see the way you want me
I wanna be the one
But I gotta be careful
Gotta watch what I say
God, I hope it all goes away
'Cause I can't fall in love with you
No matter how bad I want to
Mm
Ah, uh, uh, uh
Ah, uh, uh
Mm
I don't need to breathe when you look at me, all I see is green
And I think that we're in between everything I've seen
In my dream, have it once a week, can't land on my feet
Can't sleep, have you underneath all of my beliefs
Keep it briеf
I'll wait in the suite
Keep me off my feet, mm
You seem so paranoid
I'm looking at thе boys
I've never filled the void
Out of spite
You seem so paralyzed
It's so romanticized
If this is how I die
That's alright
I've been overseas
I don't need to breathe when you look at me, all I see is green (I've been overseas)
And I think that we're in between everything I've seen
In my dream, have it once a week, can't land on my feet (I've been overseas)
Can't sleep, have you underneath all of my beliefs
Keep it brief
I'll see you in the suite
We can be discreet
But I've been overseas
And I've been havin' dreams
L'amour de ma vie
Love so bittersweet, mm
Open up the door for me, for me
'Cause I'm still on my knees
I'm stayin' off my feet
(Will you come with me?)
(Just want you to tell the truth)
(Come on now, ha)
(And I know it seems like something even bitter)
(Listen up, hm)
(I've watched you keep on doing better)
(It's someone I don't know)
(Pay close attention to it, right now)",329,1592
Billie Eilish,BLUE,HIT ME HARD AND SOFT,"Mm, mm, mm
I try to live in black and white, but I'm so blue
I'd like to mean it when I say I'm over you
But that's still not true (Blue)
And I'm still so blue, oh
I thought we were the same
Birds of a feather, now I'm ashamed
I told you a lie, désolée, mon amour
I'm tryin' my best, don't know what's in store
Open up the door (Blue)
In the back of my mind, I'm still overseas
A bird in a cage, thought you were made for me
I try (I'm not what) to live in black and white, but I'm so blue (But I'm not what you need)
I'd like (Not what you need) to mean it when I say I'm over you
But that's still not true, true
And I'm still so bluе (And it's not true)
I'm true blue, truе blue
I'm true blue
(Blue) Mm, mm, mm
Ah-ah
Ah-ah
Ah-ah
Ah-ah
You were born bluer than a butterfly
Beautiful and so deprived of oxygen
Colder than your father's eyes
He never learned to sympathize with anyone
I don't blame you
But I can't change you
Don't hate you (Don't hate you)
But we can't save you (But we can't save you)
You were born reachin' for your mother's hands
Victim of your father's plans to rule the world
Too afraid to step outside
Paranoid and petrified of what you've heard
But they could say the same 'bout me
I sleep 'bout three hours each night
Means only twenty-one a week now, now
And I could say the same 'bout you
Born blameless, grew up famous too
Just a baby born blue now, now
I don't blame you
But I can't change you
Don't hate you
But we can't save you
(Same 'bout me)
(I sleep 'bout three hours each night)
(Means only twenty-one a week now)
(Same 'bout me)
(I sleep 'bout three hours each night)
(Means only twenty-one a week now)
(Same 'bout me)
(I sleep 'bout three hours each night)
(Means only twenty-one a week now)
(Same 'bout me)
(I sleep 'bout three hours each night)
(Means only twenty-one a week now)
Ooh-ooh
It's over now
It's over now
It's over now
(Ah-ah-ah, ah)
But when can I hear the next one?",383,1918
Billie Eilish,Getting Older,Happier Than Ever,"I'm gettin' older, I think I'm agin' well
I wish someone had told me I'd be doin' this by myself
There's reasons that I'm thankful, there's a lot I'm grateful for
But it's different when a stranger's always waitin' at your door
Which is ironic 'cause the strangers seem to want me more
Than anyone before (Anyone before)
Too bad they're usually deranged
Last week, I realized I crave pity
When I retell a story, I make everything sound worse
Can't shake the feeling that I'm just bad at healing
And maybe that's the reason every sentence sounds rehearsed
Which is ironic because when I wasn't honest
I was still bein' ignored (Lyin' for attention just to get neglection)
Now we're estranged
Things I once enjoyed
Just keep me employed now
Things I'm longing for
Someday, I'll be bored of
It's so weird
That we care so much until we don't
I'm gettin' older, I've got more on my shoulders
But I'm gettin' better at admitting when I'm wrong
I'm happier than ever, at least, that's my endeavor
To keep myself together and prioritize my pleasure
'Cause, to be honest, I just wish that what I promise
Would depend on what I'm given, mmm (Not on his permission)
(Wasn't my decision) To be abused, mmm
Things I once enjoyed
Just keep me employed now, mmm
Things I'm longing for, mmm
Someday, I'll be bored of
It's so weird
That we care so much until we don't
But next week, I hope I'm somewhere laughing
For anybody asking, I promise I'll be fine
I've had some trauma, did things I didn't wanna
Was too afraid to tell ya, but now, I think it's time",283,1540
Billie Eilish,I Didn’t Change My Number,Happier Than Ever,"Okay
Mm-mm, I
I didn't change my number
I only changed who I reply to
Laura said I should be nicer
But not to you
I love a ""You mad at me?"" text
Shoulda guessed
That you would think I was upset (Haha)
You're obsessed
Don't take it out on me
I'm out of sympathy for you
Maybe you should leave
Before I get too mean
I didn't change my number
I only changed who I believe in
You were easy on the eyes, eyes, eyes (Eyes, eyеs)
But looks can be deceivin'
I gotta work, I go to work
You don't dеserve to feel so hurt
You got a lot of fuckin' nerve
I don't deserve, so
Don't take it out on me
I'm out of sympathy for you
Maybe you should leave
Before I get too mean
And take it out on you
And your best friend, too
I should have left when Drew
Said you were bad news
Mm-mm-mm
Mm-mm-mm
Mm-mm-mm
Mm-mm-mm
Mm-mm-mm
Mm-mm-mm",167,813
Billie Eilish,Billie Bossa Nova,Happier Than Ever,"Mm-mm-mm, mm-mm
Da-da-da-da
Love when it comes without a warning
'Cause waiting for it gets so boring
A lot can change in twenty seconds
A lot can happen in the dark
Love when it makes you lose your bearings
Some information's not for sharing
Use different names at hotel check-ins
It's hard to stop it once it starts (It starts)
I'm not sentimental
But there's somethin' 'bout the way you look tonight, mm
Makes me wanna take a picture
Make a movie with you that we'd have to hide
You better lock your phone (Oh)
And look at me whеn you're alone
Won't take a lot to gеt you goin' (Oh)
I'm sorry if it's torture though
I know, I know
It might be more of an obsession
You really make a strong impression (A strong impression)
Nobody saw me in the lobby (Saw me in the lobby)
Nobody saw me in your arms, mm
I'm not sentimental
But there's somethin' 'bout the way you look tonight, mm ('Bout the way you look tonight)
Makes me wanna make 'em jealous
I'm the only one who does it how you like (Only one who does it how you—)
You better lock your phone (Oh)
And look at me when you're alone (You're alone, you're alone)
Won't take a lot to get you goin' (Get me goin', get me goin')
I'm sorry if it's torture though (Torture though)
I know, I know
You better lock your door (Oh)
And look at me a little more
We both know I'm worth waitin' for (Waitin' for)
That heavy breathin' on the floor (On the floor)
I'm yours, I'm yours (I'm yours)
I'm not sentimental
I'm not sentimental
I'm not sentimental",286,1493
Billie Eilish,my future,Happier Than Ever,"I can't seem to focus
And you don't seem to notice I'm not here
I'm just a mirror
You check your complexion
To find your reflection's all alone
I had to go
Can't you hear me?
I'm not comin' home
Do you understand?
I've changed my plans
'Cause I, I'm in love
With my future
Can't wait to meet her
And I (I), I'm in love
But not with anybody else
Just wanna get to know myself
I know supposedly I'm lonely now (Lonely now)
Know I'm supposed to be unhappy
Without someone (Someone)
But aren't I someone? (Aren't I someone? Yeah)
I'd (I'd) like to be your answer (Be your answer)
'Cause you're so handsome (You're so handsome)
But I know better
Than to drive you home
'Cause you'd invite me in
And I'd be yours again
But I (I), I'm in love (Love, love, love, love)
With my future
And you don't know her (Ooh)
And I, I'm in love (Love, love)
But not with anybody here
I'll see you in a couple years",176,893
Billie Eilish,Oxytocin,Happier Than Ever,"Can't take it back once it's been set in motion
You know I love to rub it in like lotion
If you only pray on Sunday, could you come my way on Monday?
'Cause I like to do things God doesn't approve of if She saw us
She couldn't look away, look away, look away
She'd wanna get involved, involved, involved
And what would people say, people say, people say
If they listen through the wall, the wall, the wall?
I can see it clear as day
You don't really need a break
Wanna see what you can take
You should really run away
I wanna do bad things to you (To you)
I wanna make you yell (Yell)
I wanna do bad things to you (To you)
Don't wanna treat you well (Well)
Can't take it back once it's been set in motion
You know I need you for the oxytocin
If you find it hard to swallow, I can loosen up your collar
'Cause as long as you're still breathing
Don't you even think of leaving
Not gonna wanna look away, look away, look away
You're gonna wanna get involved, involved, involved
And what would people say, people say, people say
If they listen through the wall, the wall, the wall?
I can see it clear as day
You don't really need a break
Wanna see what you can take
You should really run away
Other people wouldn't stay
Other people don't obey
You and me are both the same
You should really run away
Bad things
To you
I wanna do bad things to you
I wanna make you yell
I wanna do bad things to you
Don't wanna treat you well",285,1420
Billie Eilish,GOLDWING,Happier Than Ever,"""He hath come to the bosom of his beloved
Smiling on him, she beareth him to highest heav'n
With yearning heart""
""On thee we gaze, O' gold-wing'd messenger of mighty Gods""
Gold-winged angel
Go home, don't tell
Anyone what you are
You're sacred and they're starved
And their art is gettin' dark
And there you are to tear apart
Tear apart, tear apart, tear apart
You better keep your head down-down
Da-da-down-down, da-da-down-down
Better keep your head down-down
Da-da-down-down, da-da-down-down
They're gonna tell you what you wanna hear
Then they're gonna disappear
Gonna claim you like a souvenir
Just to sell you in a year
You better keep your head down-down
Da-da-down-down, da-da-down-down
Keep your head down-down (Down)
Da-da-down-down, da-da-down-down
Better keep your head down-down
Da-da-down-down, da-da-down-down
Keep your head down-down
Da-da-down-down, da-da-down-down
That's good",135,894
Billie Eilish,Lost Cause,Happier Than Ever,"Something's in the—
Something's in the air right now
Like I'm losin' track of time (Time, time)
Like I don't really care right now
But maybe that's fine
You weren't even there that day
I was waitin' on you (You, you)
I wonder if you were aware that day
Was the last straw for me and I knew
I sent you flowers
Did you even care?
You ran the shower
And left them by the stairs
Ooh-ooh-ooh, a-a-a-ayy
Thought you had your shit together, but damn, I was wrong (Wrong)
You ain't nothin' but a lost cause (Cause, cause)
And this ain't nothin' like it oncе was (Was, was)
I know you think you're such an outlaw
But you got no job (Job)
You ain't nothin' but a lost cause (Cause)
And this ain't nothin' likе it once was (Was)
I know you think you're such an outlaw
But you got no job
I used to think you were shy (Shy)
But maybe you just had nothing on your mind
Maybe you were thinkin' 'bout yourself all the time
I used to wish you were mine (Mine)
But that was way before I realized
Someone like you would always be so easy to find
(So) So easy (So, so)
Hee, mm-mm-mm, mm
Gave me no flowers
Wish I didn't care
You'd be gone for hours
Could be anywhere
Ooh-ooh-ooh
Ah-ah-ah-ah-ah
Thought you would've grown eventually, but you proved me wrong (Wrong)
You ain't nothing but a lost cause (Cause)
And this ain't nothing like it once was (Was)
I know you think you're such an outlaw (Yeah)
But you got no job (No job)
You ain't nothing but a lost cause (Cause)
And this ain't nothing like it once was (Was)
I know you think you're such an outlaw (Think you're such a lost cause)
But you got no job
(What did I tell you?)
(Don't get complacent)
(It's time to face it now, na-na, na-na, na-na)
(What did I tell you?)
(Don't get complacent)
(It's time to face it now, na-na, na-na, na-na)",344,1775
Billie Eilish,Halley’s Comet,Happier Than Ever,"I don't want it
And I don't want to want you
But in my dreams, I seem to be more honest
And I must admit you've been in quite a few
Halley's Comet
Comes around more than I do
But you're all it takes for me to break a promise
Silly me to fall in love with you
I haven't slept since Sunday
Midnight for me is 3 AM for you
But my sleepless nights are better
With you than nights could ever be alone, ooh-ooh
I was good at feeling nothin', now I'm hopeless
What a drag to love you like I do
Ooh-ooh-ooh-ooh-ooh
I've been loved before, but right now, in this moment
I feel more and more like I was madе for you
For you
I'm sitting in my brother's room
Haven't slept in a week or two, or two
I think I might havе fallen in love
What am I to do?",156,738
Billie Eilish,Not My Responsibility,Happier Than Ever,"Do you know me?
Really know me?
You have opinions about my opinions
About my music
About my clothes
About my body
Some people hate what I wear
Some people praise it
Some people use it to shame others
Some people use it to shame me
But I feel you watching
Always
And nothing I do goes unseen
So while I feel your stares, your disapproval or your sigh of relief
If I lived by them, I'd never be able to move
Would you like me to be smaller, weaker, softer, taller?
Would you like me to be quiet?
Do my shoulders provoke you? Does my chest?
Am I my stomach? My hips?
The body I was born with
Is it not what you wanted?
If I wear what is comfortable, I am not a woman
If I shed the layers, I'm a slut
Though you've never seen my body, you still judge it
And judge me for it
Why?
We make assumptions about people based on their size
We decide who they are
We decide what they're worth
If I wear more, if I wear less
Who decides what that makes me? What that means?
Is my value based only on your perception?
Or is your opinion of me not my responsibility?",213,1050
Billie Eilish,OverHeated,Happier Than Ever,"I don't really even know how it happened
I started talkin', they started laughin'
I don't really even know how it happened
I started watchin' them photographin'
I don't really (I don't really), how it happened
Instead of stoppin', they still were flashin' (I don't really)
I started walkin' (I don't really), gave no reaction
No reaction
I'm overheated, can't be defeated
Can't be deleted, can't un-believе it
I'm overheated, can't bе defeated
Can't be deleted, can't be repeated
I'm overheated
I'm overheated
I don't really wanna know why it went there (Why it went there)
I kinda don't care (Kinda don't care)
You wanna kill me? (You wanna kill me?)
You wanna hurt me? (Mmm)
Stop bein' flirty
It's kinda workin'
Did you really think ""This is the right thing to do""?
(Is it news? News to who?)
That I really look just like the rest of you
I'm overheated, can't be defeated
Can't be deleted, can't un-believe it
I'm overheated, can't be defeated
Can't be deleted, can't be repeated
I'm overheated
And everybody said it was a letdown
I was only built like everybody else now
But I didn't get a surgery to help out
'Cause I'm not about to redesign myself now, am I?
(Am I?) Am I?
All these other inanimate bitches, it's none of my business
But don't you get sick of posin' for pictures
With that plastic body?
Man, I'm overheated, can't be defeated
Can't be deleted, can't un-believe it
I'm overheated, can't be defeated
Can't be deleted, can't be repeated
I'm overheated",259,1469
Billie Eilish,Everybody Dies,Happier Than Ever,"Everybody dies, surprise, surprise
We tell each other lies, sometimes, we try
To make it feel like we might be right
We might not be alone
Be alone
""Everybody dies,"" that's what they say
And maybe, in a couple hundred years, they'll find another way
I just wonder why you'd wanna stay
If everybody goes
You'd still be alone
I don't wanna cry, some days I do
But not about you
It's just a lot to think about the world I'm used to
The one I can't get back, at lеast not for a while
I sure have a knack for seein' lifе more like a child
It's not my fault, it's not so wrong to wonder why
Everybody dies
And when will I?
You oughta know
That even when it's time, you might not wanna go
But it's okay to cry and it's alright to fold
But you are not alone
You are not unknown",156,769
Billie Eilish,Your Power,Happier Than Ever,"Try not to abuse your power
I know we didn't choose to change
You might not wanna lose your power
But havin' it's so strange
She said you were a hero
You played the part
But you ruined her in a year
Don't act like it was hard
And you swear you didn't know (Didn't know)
No wonder why you didn't ask
She was sleepin' in your clothes (In your clothes)
But now she's got to get to class
How dare you?
And how could you?
Will you only feel bad when they find out?
If you could take it all back
Would you?
Try not to abuse your power
I know we didn't choose to change
You might not wanna lose your power
But havin' it's so strange
I thought that I was special
You made me feel
Like it was my fault, you were the devil
Lost your appeal
Does it keep you in control? (In control)
For you to keep her in a cage?
And you swear you didn't know (Didn't know)
You said you thought she was your age
How dare you?
And how could you?
Will you only feel bad if it turns out
That they kill your contract?
Would you?
Try not to abuse your power
I know we didn't choose to change
You might not wanna lose your power
But power isn't pain
Mmm
Ooh
La-la-la-la-la, hmm
La-la-la-la-la-la, la-la",236,1169
Billie Eilish,NDA,Happier Than Ever,"Did you think I'd show up in a limousine? (No)
Had to save my money for security
Got a stalker walkin' up and down the street
Says he's Satan and he'd like to meet
I bought a secret house when I was seventeen (Ha)
Haven't had a party since I got the keys
Had a pretty boy over, but he couldn't stay
On his way out, made him sign an NDA, mm
Yeah, I made him sign an NDA
Once was good enough
'Cause I don't want him havin' shit to say, oh-oh-oh
You couldn't save me, but you can't let me go, oh, no
I can crave you, but you don't need to know, oh-oh
Mm, mm-mm, mm
30 Under 30 for another year (Another year)
I can barely go outside, I think I hate it herе (I think I hate it here)
Maybе I should think about a new career (Uh)
Somewhere in Kauai where I can disappear
I've been havin' fun gettin' older now
Didn't change my number, made him shut his mouth (Shut his mouth, yeah)
At least I gave him somethin' he can cry about
I thought about my future, but I want it now, oh-oh-oh
Want it now, mm-mm-mm
You can't give me up
You couldn't save me, but you can't let me go, oh, no
I can crave you, but you don't need to know, oh-oh
Did I take it too far?
Now I know what you are
You hit me so hard
I saw stars
Think I took it too far
When I sold you my heart
How'd it get so dark?
I saw stars
Stars",274,1292
Billie Eilish,Therefore I Am,Happier Than Ever,"I'm not your friend
Or anything, damn
You think that you're the man
I think, therefore, I am
I'm not your friend
Or anything, damn
You think that you're the man
I think, therefore, I am
Stop, what the hell are you talking about? Ha
Get my pretty name out of your mouth
We are not the same with or without
Don't talk 'bout me like how you might know how I feel
Top of the world, but your world isn't real
Your world's an ideal
So go have fun
I really couldn't care less
And you can give 'em my best, but just know
I'm not your friend
Or anything, damn
You think that you're the man
I think, therefore, I am
I'm not your friend
Or anything, damn
You think that you're the man
I think, therefore, I am
I don't want press to put your name next to mine
We're on different lines, so I
Wanna be nice enough, they don't call my bluff
'Cause I hate to find
Articles, articles, articles
Rather you remain unremarkable (Got a lotta)
Interviews, interviews, interviews
When they say your name, I just act confused
Did you have fun?
I really couldn't care less
And you can give 'em my best, but just know
I'm not your friend
Or anything, damn
You think that you're the man
I think, therefore, I am
I'm not your friend
Or anything, damn
You think that you're the man
I think, therefore, I am
I'm sorry
I don't think I caught your name
I'm sorry
I don't think I caught your name
I'm not your friend (I'm not your friend)
Or anything, damn
You think that you're the man (They wanna, they can try)
I think, therefore, I am
I'm not your friend (I'm not your friend)
Or anything, damn (They wanna)
You think that you're the man
I think, therefore, I am",318,1633
Billie Eilish,Happier Than Ever,Happier Than Ever,"When I'm away from you
I'm happier than ever
Wish I could explain it better
I wish it wasn't true
Give me a day or two to think of something clever
To write myself a letter
To tell me what to do, mm-mm
Do you read my interviews?
Or do you skip my avenue?
When you said you were passin' through
Was I even on your way?
I knew when I asked you to (When I asked you to)
Be cool about what I was tellin' you
You'd do the opposite of what you said you'd do (What you said you'd do)
And I'd end up more afraid
Don't say it isn't fair
You clearly werеn't aware that you made me misеrable
So if you really wanna know
When I'm away from you (When I'm away from you)
I'm happier than ever (Happier than ever)
Wish I could explain it better (Wish I could explain it better)
I wish it wasn't true, mm-mm
You call me again, drunk in your Benz
Drivin' home under the influence
You scared me to death, but I'm wastin' my breath
'Cause you only listen to your fuckin' friends
I don't relate to you
I don't relate to you, no
'Cause I'd never treat me this shitty
You made me hate this city
And I don't talk shit about you on the internet
Never told anyone anything bad
'Cause that shit's embarrassing, you were my everything
And all that you did was make me fuckin' sad
So don't waste the time I don't have
And don't try to make me feel bad
I could talk about every time that you showed up on time
But I'd have an empty line 'cause you never did
Never paid any mind to my mother or friends, so I
Shut 'em all out for you 'cause I was a kid
You ruined everything good
Always said you were misunderstood
Made all my moments your own
Just fuckin' leave me alone, yeah (Fuck you)
(Ah)
(Goddamn)
(Ah)
(Fuck you)
(Fuck you)",341,1700
Billie Eilish,Male Fantasy,Happier Than Ever,"Home alone, tryin' not to eat
Distract myself with pornography
I hate the way she looks at me
I can't stand the dialogue, she would never be
That satisfied, it's a male fantasy
I'm goin' back to therapy
'Cause I loved you then and I love you now
And I don't know how
Guess it's hard to know when nobody else comes around
If I'm getting over you
Or just pretending to
Be alright, convince myself I hate you
(You want me to put it here?)
(Okay)
I got a call from a girl I used to know
We were inseparablе years ago
Thought we'd get along, but it wasn't so
And it's all I think about whеn I'm behind the wheel
I worry this is how I'm always gonna feel
But nothing lasts, I know the deal
But I loved you then and I love you now
And I don't know how
Guess it's hard to know when nobody else comes around
If I'm getting over you
Or just pretending to
Be alright, convince myself I hate you
Can't get over you
No matter what I do
I know I should, but I could never hate you",198,966
Billie Eilish,bad guy,"WHEN WE ALL FALL ASLEEP, WHERE DO WE GO?","White shirt now red, my bloody nose
Sleepin', you're on your tippy toes
Creepin' around like no one knows
Think you're so criminal
Bruises on both my knees for you
Don't say thank you or please
I do what I want when I'm wanting to
My soul? So cynical
So you're a tough guy
Like it really rough guy
Just can't get enough guy
Chest always so puffed guy
I'm that bad type
Make your mama sad type
Make your girlfriend mad tight
Might seduce your dad type
I'm the bad guy
Duh
I'm the bad guy
I like it when you take control
Even if you know that you don't
Own me, I'll let you play the role
I'll be your animal
My mommy likes to sing along with me
But she won't sing this song
If she reads all the lyrics
She'll pity the men I know
So you're a tough guy
Like it really rough guy
Just can't get enough guy
Chest always so puffed guy
I'm that bad type
Make your mama sad type
Make your girlfriend mad tight
Might seduce your dad type
I'm the bad guy
Duh
I'm the bad guy, duh
I'm only good at bein' bad, bad
I like when you get mad
I guess I'm pretty glad that you're alone
You said she's scared of me?
I mean, I don't see what she sees
But maybe it's 'cause I'm wearing your cologne
I'm a bad guy
I'm, I'm a bad guy
Bad guy, bad guy
I'm a bad",257,1235
Billie Eilish,xanny,"WHEN WE ALL FALL ASLEEP, WHERE DO WE GO?","What is it about them?
I must be missing something
They just keep doing nothing
Too intoxicated to be scared
Better off without them
They're nothing but unstable
Bring ashtrays to the table
And that's about the only thing they share
I'm in their secondhand smoke
Still just drinking canned Coke
I don't need a Xanny to feel better
On designated drives home
Only one who's not stoned
Don't give me a Xanny, now or ever
Can you check your Uber rating? Oh my god
(And it's like, wait, like, when?)
Wakin' up at sundown (Ooh)
They're late to every party (Ooh)
Nobody's ever sorry (Ooh)
Too inebriated now to dance
Morning as they come down (Come down)
Their pretty heads are hurting (Hurting)
They're awfully bad at learning (Learning)
Make the same mistakes, blame circumstance
I'm in their secondhand smoke
Still just drinking canned Coke
I don't need a Xanny to feel better
On designated drives home
Only one who's not stoned
Don't give me a Xanny, now or ever
Please don't try to kiss me on the sidewalk
On your cigarette break
I can't afford to love someone
Who isn't dying by mistake in Silver Lake
What is it about them?
I must be missing something
They just keep doin' nothing
Too intoxicated to be scared
Hmm, hmm
Hmm, mmm, mmm, mmm, mmm
Come down
Hurting
Learning",229,1269
Billie Eilish,you should see me in a crown,"WHEN WE ALL FALL ASLEEP, WHERE DO WE GO?","Bite my tongue, bide my time
Wearing a warning sign
Wait 'til the world is mine
Visions I vandalize
Cold in my kingdom size
Fell for these ocean eyes
You should see me in a crown
I'm gonna run this nothing town
Watch me make 'em bow
One by one by one
One by one by
You should see me in a crown
Your silence is my favorite sound
Watch me make 'em bow
One by one by one
One by one by one
Count my cards, watch them fall
Blood on a marble wall
I like the way they all scream
Tell me which one is worse
Living or dying first
Sleeping inside a hearse (I don't dream)
You say, ""Come over, baby
I think you're pretty""
I'm okay, I'm not your baby
If you think I'm pretty
You should see me in a crown
I'm gonna run this nothing town
Watch me make 'em bow
One by one by one
One by one by
You should see me in a crown
Your silence is my favorite sound
Watch me make 'em bow
One by one by one
One by one by one
Crown
I'm gonna run this nothing town
Watch me make 'em bow
One by one by one
One by one by
You should see me in a crown (You should see me, see me)
Your silence is my favorite sound (You should see me, see me)
Watch me make 'em bow
One by one by one
One by one by one",255,1167
Billie Eilish,all the good girls go to hell,"WHEN WE ALL FALL ASLEEP, WHERE DO WE GO?","My Lucifer is lonely
Standing there, killing time
Can't commit to anything but a crime
Peter's on vacation, an open invitation
Animals, evidence
Pearly Gates look more like a picket fence
Once you get inside 'em
Got friends but can't invite them
Hills burn in California
My turn to ignore ya
Don't say I didn't warn ya
All the good girls go to Hell
'Cause even God herself has enemies
And once the water starts to rise
And Heaven's out of sight
She'll want the Devil on her team
My Lucifer is lonely
Look at you needing me
You know I'm not your friend without some greenery
Walk in wearin' fetters
Peter should know better
Your cover up is caving in
Man is such a fool, why are we saving him?
Poisoning themselves now
Begging for our help, wow
Hills burn in California
My turn to ignore ya
Don't say I didn't warn ya
All the good girls go to Hell (All the good girls go to Hell)
'Cause even God herself (God herself) has enemies
And once the water starts to rise (Water starts to rise)
And Heaven's out of sight
She'll want the Devil on her team
My Lucifer is lonely
There's nothing left to save now
My god is gonna owe me
There's nothing left to save now
Haha!
I cannot do the snowflake",227,1187
Billie Eilish,wish you were gay,"WHEN WE ALL FALL ASLEEP, WHERE DO WE GO?","""Baby, I don't feel so good,"" six words you never understood
""I'll never let you go,"" five words you'll never say (Aww)
I laugh along like nothing's wrong, four days has never felt so long
If three's a crowd and two was us, one slipped away (Hahahahahahahaha)
I just wanna make you feel okay
But all you do is look the other way
I can't tell you how much I wish I didn't wanna stay
I just kinda wish you were gay
Is there a reason we're not through?
Is there a 12 step just for you?
Our conversation's all in blue
11 ""heys"" (Hey, hey, hey, hey)
Ten fingers tearin' out my hair
Nine times you never made it there
I ate alone at 7, you were six minutes away
(Yay)
How am I supposed to make you feel okay
When all you do is walk the other way?
I can't tell you how much I wish I didn't wanna stay
I just kinda wish you were gay
To spare my pride
To give your lack of interest an explanation
Don't say I'm not your type
Just say that I'm not your preferred sexual orientation
I'm so selfish
But you make me feel helpless, yeah
And I can't stand another day
Stand another day
I just wanna make you feel okay
But all you do is look the other way, hmm
I can't tell you how much I wish I didn't wanna stay
I just kinda wish you were gay
I just kinda wish you were gay
I just kinda wish you were gay",265,1290
Billie Eilish,when the party’s over,"WHEN WE ALL FALL ASLEEP, WHERE DO WE GO?","Don't you know I'm no good for you?
I've learned to lose you, can't afford to
Tore my shirt to stop you bleedin'
But nothin' ever stops you leavin'
Quiet when I'm coming home and I'm on my own
I could lie, say I like it like that, like it like that
I could lie, say I like it like that, like it like that
Don't you know too much already?
I'll only hurt you if you let me
Call me friend, but keep me closer (Call me back)
And I'll call you when the party's over
Quiet when I'm coming home and I'm on my own
And I could lie, say I like it like that, like it like that
Yeah, I could lie, say I like it like that, like it like that
But nothin' is better sometimes
Once we've both said our goodbyes
Let's just let it go
Let me let you go
Quiet when I'm coming home and I'm on my own
I could lie, say I like it like that, like it like that
I could lie, say I like it like that, like it like that",192,889
Billie Eilish,8,"WHEN WE ALL FALL ASLEEP, WHERE DO WE GO?","Wait a minute, let me finish
I know you don't care
But can you listen?
I came committed, guess I overdid it
Wore my heart out on a chain
Around my neck, but now it's missin', hmm
Da-da-da-da-da-da (Hmm)
Da-da-da-da-da-da-da (Hmm, hmm, hmm, hmm)
Oh, hmm, hmm
So I think I better go
I never really know how to please you
You're lookin' at me like I'm see-through
I guess I'm gonna go
I just never know how you feel
Do you even feel anything?
Da-da-da-da-da-da-da
Da-da-da-da-da-da-da
Oh, hmm, hmm
You said, ""Don't treat me badly""
But you said it so sadly
So I did the best I could
Not thinkin' you would have left me gladly
I know you're not sorry
Why should you be?
'Cause who am I to be in love
When your love never is for me?
Me
Da-da-da-da-da-da-da (Hmm)
Da-da-da-da-da-da-da (Hmm, hmm, hmm, hmm)
Oh, hmm, hmm
So I think I better go
I never really know how to please you
You're lookin' at me like I'm see-through
I guess I'm gonna go
I just never know how you feel
Do you even feel anything?",190,993
Billie Eilish,my strange addiction,"WHEN WE ALL FALL ASLEEP, WHERE DO WE GO?","No, Billy, I haven't done that dance since my wife died
There’s a whole crowd of people out there who need to learn how to do The Scarn
Don't ask questions you don't wanna know
Learned my lesson way too long ago
To be talkin’ to you, belladonna
Shoulda taken a break, not an Oxford comma
Take what I want when I wanna
And I want ya
Bad, bad news
One of us is gonna lose
I'm the powder, you're the fuse
Just add some friction
You are my strange addiction
You are my strange addiction
My doctors can't explain
My symptoms or my pain
But you are my strange addiction
I'm really, really sorry, I think I was just relieved
To see that Michael Scarn got his confidence back
Yeah, Michael, the movie is amazing
It's like, one of the best movies I've ever seen in my life
Deadly fever, please don't ever break
Be my reliever ’cause I don’t self medicate
And it burns like a gin and I like it
Put your lips on my skin and you might ignite it
Hurts, but I know how to hide it, kinda like it (Teh)
Bad, bad news
One of us is gonna lose
I'm the powder, you’re the fuse
Just add some friction
You are my strange addiction
You are my strange addiction
My doctors can't explain
My symptoms or my pain
But you are my strange addiction
Bite my glass, set myself on fire
Can't you tell I'm crass? Can’t you tell I'm wired?
Tell me nothing lasts, like I don't know
You could kiss my— asking about my motto
You should enter it in festivals or carnivals
Thoughts? Pretty good reaction
Pretty cool... right?
You are my strange addiction
You are my strange addiction
My doctors can't explain
My symptoms or my pain
But you are my strange addiction
Did you like it? Did you like that?
Um, which part?",324,1676
Billie Eilish,bury a friend,"WHEN WE ALL FALL ASLEEP, WHERE DO WE GO?","Billie
What do you want from me? Why don't you run from me?
What are you wondering? What do you know?
Why aren't you scared of me? Why do you care for me?
When we all fall asleep, where do we go?
Come here
Say it, spit it out, what is it exactly
You're payin'? Is the amount cleanin' you out? Am I satisfactory?
Today, I'm thinkin' about the things that are deadly
The way I'm drinkin' you down
Like I wanna drown, like I wanna end me
Step on the glass, staple your tongue (Ahh)
Bury a friend, try to wake up (Ah-ahh)
Cannibal class, killing the son (Ahh)
Bury a friend, I wanna end me
I wanna end me
I wanna, I wanna, I wanna… end me
I wanna, I wanna, I wanna…
What do you want from me? Why don't you run from me?
What are you wondering? What do you know?
Why aren't you scared of me? Why do you care for me?
When we all fall asleep, where do we go?
Listen
Keep you in the dark, what had you expected?
Me to make you my art and make you a star
And get you connected?
I'll meet you in the park, I'll be calm and collected
But we knew right from the start that you'd fall apart
'Cause I'm too expensive
It's probably somethin' that shouldn't be said out loud
Honestly, I thought that I would be dead by now (Wow)
Calling security, keepin' my head held down
Bury the hatchet or bury a friend right now
The debt I owe, gotta sell my soul
'Cause I can't say no, no, I can't say no
Then my limbs all froze and my eyes won't close
And I can't say no, I can't say no
Careful
Step on the glass, staple your tongue (Ahh)
Bury a friend, try to wake up (Ah-ahh)
Cannibal class, killing the son (Ahh)
Bury a friend, I wanna end me
I wanna end me
I wanna, I wanna, I wanna… end me
I wanna, I wanna, I wanna…
What do you want from me? Why don't you run from me?
What are you wondering? What do you know?
Why aren't you scared of me? Why do you care for me?
When we all fall asleep, where do we go?",389,1883
Billie Eilish,ilomilo,"WHEN WE ALL FALL ASLEEP, WHERE DO WE GO?","Told you not to worry
But maybe that's a lie
Honey, what's your hurry?
Won't you stay inside?
Remember not to get too close to stars
They're never gonna give you love like ours
Where did you go?
I should know, but it's cold
And I don't wanna be lonely
So show me the way home
I can't lose another life
Hurry, I'm worried
The world's a little blurry
Or maybe it's my eyes
The friends I've had to bury
They keep me up at night
Said I couldn't love someone
'Cause I might break
If you're gonna die, not by mistake
So, where did you go?
I should know, but it's cold
And I don't wanna be lonely
So tell me you'll come home
Even if it's just a lie
I tried not to upset you
Let you rescue me the day I met you
I just wanted to protect you
But now I'll never get to
Hurry, I'm worried
Where did you go?
I should know, but it's cold
And I don't wanna be lonely
Was hoping you'd come home
I don't care if it's a lie",189,905
Billie Eilish,listen before i go,"WHEN WE ALL FALL ASLEEP, WHERE DO WE GO?","Take me to the rooftop
I wanna see the world when I stop breathing
Turnin' blue (Blue)
Tell me love is endless, don't be so pretentious
Leave me like you do (Like you do)
If you need me, wanna see me
Better hurry 'cause I'm leavin' soon
Sorry can't save me now
Sorry I don't know how
Sorry there's no way out (Sorry)
But down
Hmm, down
Taste me, the salty tears on my cheek
That's what a year-long headache
Does to you (You)
I'm not okay, I feel so scattered
Don't say I'm all that matters
Leave me, déjà vu (Hmm)
If you need me, wanna see me
You better hurry, I'm leavin' soon
Sorry can't save me now (Sorry)
Sorry I don't know how (Sorry)
Sorry there's no way out (Sorry)
But down
Hmm, down
Call my friends and tell them that I love them
And I'll miss them
But I'm not sorry
Call my friends and tell them that I love them
And I'll miss them
Sorry",170,848
Billie Eilish,i love you,"WHEN WE ALL FALL ASLEEP, WHERE DO WE GO?","It's not true
Tell me I’ve been lied to
Crying isn't like you, ooh
What the hell did I do?
Never been the type to
Let someone see right through, ooh
Maybe won't you take it back?
Say you were tryna make me laugh
And nothing has to change today
You didn’t mean to say ""I love you""
I love you and I don't want to, ooh
Up all night on another red-eye
I wish we never learned to fly
Maybe we should just try
To tell ourselves a good lie
Didn't mean to make you cry
Maybe won't you take it back?
Say you were tryna make me laugh
And nothing has to change today
You didn't mean to say ""I love you""
I love you and I don't want to, ooh
The smile that you gave me
Even when you felt like dying
We fall apart as it gets dark
I'm in your arms in Central Park
There's nothing you could do or say
I can’t escape the way I love you
I don’t want to, but I love you, ooh
Ooh, ooh
Ooh, ooh",187,872
Billie Eilish,goodbye,"WHEN WE ALL FALL ASLEEP, WHERE DO WE GO?","Please, please
Don't leave﻿ me
Be
It's not true
Take me to the rooftop
Told you not to worry
What do you want from me?
Don't ask questions
Wait a minute
Don't you know I'm no good for you?
Baby, I don't feel so good
And all the good girls go ﻿to Hell
Bite my tongue, bide my time
What is it about them?
I'm the bad guy",68,318
Billie Eilish,COPYCAT,Don't Smile at Me,"Don't be cautious, don't be kind
You committed, I'm your crime
Push my button anytime
You got your finger on the trigger, but your trigger finger's mine
Silver dollar, golden flame
Dirty water, poison rain
Perfect murder, take your aim
I don't belong to anyone, but everybody knows my name
By the way, you've been uninvited
'Cause all you say are all the same things I did
Copycat tryna cop my manner
Watch your back when you can't watch mine
Copycat tryna cop my glamour
Why so sad, bunny? Can't have mine
Call me calloused, call me cold
You're italic, I'm in bold
Call me cocky, watch your tone
You better love me, 'cause you're just a clone
By the way, you've been uninvited
'Cause all you say are all the same things I did
Copycat tryna cop my manner
Watch your back when you can't watch mine
Copycat tryna cop my glamour
Why so sad, bunny? Can't have mine
Mine
I would hate to see you go
Hate to be the one that told you so
You just crossed the line
You've run out of time
I'm so sorry, now you know
Sorry I'm the one that told you so
Sorry, sorry, I'm sorry, sorry
Psych
By the way, you've been uninvited
'Cause all you say are all the same things I did
Copycat tryna cop my manner
Watch your back when you can't watch mine
Copycat tryna cop my glamour
Why so sad, bunny? Can't have mine",249,1293
Billie Eilish,idontwannabeyouanymore,Don't Smile at Me,"Ba-da-da-da-da
Ba-da-da-da-da
Don't be that way
Fall apart twice a day
I just wish you could feel what you say
Show, never tell
But I know you too well
Got a mood that you wish you could sell
If teardrops could be bottled
There'd be swimming pools filled by models
Told, ""A tight dress is what makes you a whore""
If ""I love you"" was a promise
Would you break it, if you're honest?
Tell the mirror what you know she's heard before
I don't wanna be you
Anymore
Hands getting cold
Losing feeling is getting old
Was I made from a broken mold?
Hurt, I can't shake
We've made every mistake
Only you know the way that I break
If teardrops could be bottled
There'd be swimming pools filled by models
Told, ""A tight dress is what makes you a whore""
If ""I love you"" was a promise
Would you break it, if you're honest?
Tell the mirror what you know she's heard before
I, I don't wanna be you
I don't wanna be you
I don't wanna be you
Anymore",182,930
Billie Eilish,my boy,Don't Smile at Me,"(Three and four and)
Ba-ba-da, ba-ba-da-ba-da
Mmm, mmm
My boy's bein' sus, he was shady enough
But now he's just a shadow
My boy loves his friends like I love my split ends
And by that, I mean he cuts 'em off
(What?)
My boy, my boy, my boy
Don't love me like he promised
My boy, my boy, my boy
He ain't a man and sure as hell ain't honest
My boy's bein' sus and he don't know how to cuss
He just sounds like he's tryna be his father (Who are you?)
My boy's an ugly crier but he's such a pretty liar
And by that, I mean he said he'd change
My boy, my boy, my boy
Don't love me like he promised
My boy, my boy, my boy
He ain't a man and sure as hell ain't honest
My boy, my-my boy, my friends
I love-love, I-I love-love my split ends
My boy (Love, love, love, love, love, love)
My-my boy (Love, love, love, love, love, love)
My boy, my (Love, love, love, love, love, love, love, love)
(Alright, dude, go trip over a knife)
My boy, my boy, my boy
Don't love me like he promised
My boy, my boy, my boy
He ain't a man and sure as hell ain't honest
You want me to be yours? Well, then you gotta be mine
And if you want a good girl, then goodbye
You want me to be yours? Well, then you gotta be mine
And if you want a good girl, then goodbye",259,1234
Billie Eilish,watch,Don't Smile at Me,"Lips meet teeth and tongue
My heart skips eight beats at once
If we were meant to be, we would have been by now
See what you wanna see, but all I see is him right now
I'll sit and watch your car burn
With the fire that you started in me
But you never came back to ask it out
Go ahead and watch my heart burn
With the fire that you started in me
But I'll never let you back to put it out
Your love feels so fake
And my demands aren't high to make
If I could get to sleep, I would have slept by now
Your lies will never keep, I think you need to blow 'em out
I'll sit and watch your car burn
With the fire that you started in me
But you never came back to ask it out
Go ahead and watch my heart burn
With the fire that you started in me
But I'll never let you back to put it out
When you call my name
Do you think I'll come runnin'?
You never did the same
So good at givin' me nothin'
When you close your eyes, do you picture me?
When you fantasize, am I your fantasy?
Now you know
Now I'm free
I'll sit and watch your car burn
With the fire that you started in me
But you never came back to ask it out
Watch my heart burn
With the fire that you started in me
But I'll never let you back to put it out
Ooh, never let you back
Let you back, let you back
Never gonna let you back, let you back",281,1289
Billie Eilish,party favor,Don't Smile at Me,"Hey, leave a message
Hey, call me back when ya get this
Or when you've got a minute
We really need to talk
Wait, you know what?
Maybe just forget it
'Cause by the time you get this
Your number might be blocked
""Stay"" and ""blah blah blah""
You just want what you can't have
No way
I'll call the cops
If you don't stop, I'll call your dad
And I hate to do this to you on your birthday
Happy birthday, by the way
""It's not you, it's me"" and all that other bullshit
You know that's bullshit
Don'tcha, babe?
I'm not your party favor
Look, now I know we coulda done it better
But we can't change the weather
When the weather's come and gone
Books don't make sense if you read 'em backwards
You'll single out the wrong words
Like you mishear all my songs
You'll hear ""stay"" and ""blah blah blah""
You just want what you can't have
No way
I'll call the cops
If you don't stop, I'll call your dad
And I hate to do this to you on your birthday
Happy birthday by the way
""It's not you, it's me"" and all that other bullshit
You know that's bullshit
Don'tcha, babe?
I'm not your party favor",213,1074
Billie Eilish,bellyache,Don't Smile at Me,"Mind
Mind
Sittin' all alone
Mouth full of gum
In the driveway
My friends aren't far
In the back of my car
Lay their bodies
Where's my mind?
Where's my mind?
They'll be here pretty soon
Lookin' through my room
For the money
I'm bitin' my nails
I'm too young to go to jail
It's kinda funny
Where's my mind?
Where's my mind?
Where's my mind?
Where's my mind?
Maybe it's in the gutter
Where I left my lover
What an expensive fake
My V is for Vendetta
Thought that I'd feel better
But now I got a bellyache
(Mind)
Everything I do
The way I wear my noose
Like a necklace
I wanna make 'em scared
Like I could be anywhere
Like I'm reckless
I lost my mind
I don't mind
Where's my mind?
Where's my mind?
Maybe it's in the gutter
Where I left my lover
What an expensive fake
My V is for Vendetta
Thought that I'd feel better
But now I got a bellyache
(Bellyache, bellyache, bellyache, bellyache, bellyache, bellyache)
Maybe it's in the gutter (Mind)
Where I left my lover
What an expensive fake (Mind)
My V is for Vendetta (Mind)
Thought that I'd feel better
But now I got a bellyache",207,1073
Billie Eilish,ocean eyes,Don't Smile at Me,"I've been watchin' you for some time
Can't stop starin' at those ocean eyes
Burning cities and napalm skies
Fifteen flares inside those ocean eyes
Your ocean eyes
No fair
You really know how to make me cry
When you give me those ocean eyes
I'm scared
I've never fallen from quite this high
Fallin' into your ocean eyes
Those ocean eyes
I've been walkin' through a world gone blind
Can't stop thinkin' of your diamond mind
Careful creature made friends with time
He left her lonely with a diamond mind
And those ocean eyes
No fair (No fair)
You really know how to make me cry
When you give me those ocean eyes (Those ocean eyes)
I'm scared (I'm scared)
I've never fallen from quite this high
Fallin' into your ocean eyes
Those ocean eyes
(Seye naeco esoht)
(Seye naeco ruoy otni 'nillaf)
Da-da-da-da-da, da-da-da-da-da (Hgih siht etiuq morf nellaf reven ev'I)
(Deracs m'I) Da-da-da-da-da-da
Da-da-da (Seye naeco esoht em evig uoy nehw)
Mmm (Yrc em ekam ot woh wonk yllaer uoy)
Mmm (Riaf on)
No fair
You really know how to make me cry
When you give me those ocean eyes
I'm scared
I've never fallen from quite this high
Fallin' into your ocean eyes
Those ocean eyes",210,1162
Billie Eilish,hostage,Don't Smile at Me,"I wanna be alone
Alone with you, does that make sense?
I wanna steal your soul
And hide you in my treasure chest
I don't know what to do
To do with your kiss on my neck
I don't know what feels true
But this feels right, so stay a sec
Yeah, you feel right, so stay a sec
And let me crawl inside your veins
I'll build a wall, give you a ball and chain
It's not like me to be so mean, you're all I wanted
Just let me hold you
Like a hostage
Gold on your fingertips
Fingertips against my cheek
Gold leaf across your lips
Kiss me until I can't speak
Gold chain beneath your shirt
The shirt that you let me wear home
Gold's fake and real love hurts
But nothing hurts when I'm alone
When you're with me and we're alone
And let me crawl inside your veins
I'll build a wall, give you a ball and chain
It's not like me to be so mean, you're all I wanted
Just let me hold you
Hold you
Like a hostage
Like a hostage",189,903
Billie Eilish,TV,Guitar Songs,"I don't wanna talk right now
I just wanna watch TV
I'll stay in the pool and drown
So I don't have to watch you leave
I put on Survivor just to watch somebody suffer
Maybe I should get some sleep
Sinking in the sofa while they all betray each other
What's the point of anything?
All of my friends are missing again
That's what happens when you fall in love
You don't have the time, you leave them all behind
You tell yourself, ""It's fine, you're just in love""
Don't know where you are right now
Did you see me on TV?
I'll try not to starve myself
Just because you're mad at me
And I'll be in denial for at least a little while
What about the plans we made?
The internet's gone wild watching movie stars on trial
While they're overturning Roe v. Wade
Now all of my friends are missing again
'Cause that's what happens when you fall in love
You don't have the time, you leave them all behind
And you tell yourself, ""It's fine, you're just in love""
And I don't get along with anyone
Maybe I'm the problem
Maybe I'm the problem
Maybe I, maybe I, maybe I'm the problem
Maybe I, maybe I, maybe I'm the problem
Maybe I, maybe I, maybe I'm the problem
Maybe I, maybe I, maybe I'm the problem
Maybe I, maybe I, maybe I'm the problem
Maybe I, maybe I, maybe I'm the problem
Baby, I, baby, I, baby, I'm the problem
Baby, I, baby, I, baby, I'm the problem
Baby, I, baby, I, baby, I'm the problem
Baby, I, baby, I, baby, I'm the problem
Baby, I, baby, I, baby, I'm the problem",287,1463
Billie Eilish,The 30th,Guitar Songs,"Sometimes, you look the same
Just like you did before the accident
When you're starin' into space
It's hard to believe you don't remember it
Woke up in the ambulance
You pieced it all together on the drive
I know you don't remember calling me
But I told you even then you looked so pretty
In a hospital bed, I remember you said
You were scared
And so was I
In a standstill on the 5
Thought it was unusually early traffic
Usually, I don't panic
I just wanted to be on time
When I saw the ambulances on the shoulder
I didn't even think of pullin' over
I pieced it all together late that night
And I know you don't remember calling me
But I told you even then you looked so pretty
In a hospital bed, I remember you said
You were scared
And so was I
What if it happened to you on a different day?
On a bridge where there wasn't a rail in the way?
Or a neighborhood street where the little kids play?
Or the Angeles Crest in the snow or the rain?
What if you weren't alone? There were kids in the car
What if you were remote? No one knows where you are
If you changed anything, would you not have survived?
You're alive, you're alive, you're alive
And I know you don't remember calling me
But I told you even then you looked so pretty
In your hospital bed, I remember you said
You were scared
And so am I",259,1299
Billie Eilish,everything i wanted,everything i wanted,"I had a dream
I got everything I wanted
Not what you'd think
And if I'm bein' honest
It might've been a nightmare
To anyone who might care
Thought I could fly (Fly)
So I stepped off the Golden, mm
Nobody cried (Cried, cried, cried, cried)
Nobody even noticed
I saw them standing right there
Kinda thought they might care (Might care, might care)
I had a dream
I got everything I wanted
But when I wake up, I see
You with me
And you say, ""As long as I'm here, no one can hurt you
Don't wanna lie here, but you can learn to
If I could change the way that you see yourself
You wouldn't wonder why you hear
'They don't deserve you'""
I tried to scream
But my head was underwater
They called me weak
Like I'm not just somebody's daughter
Coulda been a nightmare
But it felt like they were right there
And it feels like yesterday was a year ago
But I don't wanna let anybody know
'Cause everybody wants something from me now
And I don't wanna let 'em down
I had a dream
I got everything I wanted
But when I wake up, I see
You with me
And you say, ""As long as I'm here, no one can hurt you
Don't wanna lie here, but you can learn to
If I could change the way that you see yourself
You wouldn't wonder why you hear
'They don't deserve you'""
If I knew it all then, would I do it again?
Would I do it again?
If they knew what they said would go straight to my head
What would they say instead?
If I knew it all then, would I do it again?
Would I do it again?
If they knew what they said would go straight to my head
What would they say instead?",313,1533
Billie Eilish,lovely,lovely,"Thought I found a way
Thought I found a way out (Found)
But you never go away (Never go away)
So I guess I gotta stay now
Oh, I hope some day I'll make it out of here
Even if it takes all night or a hundred years
Need a place to hide, but I can't find one near
Wanna feel alive, outside I can't fight my fear
Isn't it lovely, all alone?
Heart made of glass, my mind of stone
Tear me to pieces, skin to bone
Hello, welcome home
Walking out of time
Looking for a better place (Looking for a better place)
Something's on my mind
Always in my head space
But I know someday I'll make it out of here
Even if it takes all night or a hundred years
Need a place to hide, but I can't find one near
Wanna feel alive, outside I can't fight my fear
Isn't it lovely, all alone?
Heart made of glass, my mind of stone
Tear me to pieces, skin to bone
Hello, welcome home
Woah, yeah
Yeah, ah
Woah, woah
Hello, welcome home",186,904
Billie Eilish,No Time To Die,No Time To Die,"I should have known
I'd leave alone
Just goes to show
That the blood you bleed is just the blood you owe
We were a pair
But I saw you there
Too much to bear
You were my life, but life is far away from fair
Was I stupid to love you?
Was I reckless to help?
Was it obvious to everybody else?
That I'd fallen for a lie
You were never on my side
Fool me once, fool me twice
Are you death or paradise?
Now you'll never see me cry
There's just no time to die
I let it burn
You're no longer my concern, mmm
Faces from my past return
Another lesson yet to learn
That I'd fallen for a lie
You were never on my side
Fool me once, fool me twice
Are you death or paradise?
Now you'll never see me cry
There's just no time to die
No time to die, mmm
No time to die, ooh
Fool me once, fool me twice
Are you death or paradise?
Now you'll never see me cry
There's just no time to die",186,867
Billie Eilish,Bored,bored,"Ah, ah
The games you played were never fun
You'd say you'd stay but then you'd run, ah
Giving you what you're begging for
Giving you what you say I need
I don't want any settled scores
I just want you to set me free
Giving you what you're begging for
Giving you what you say I need, say I need
I'm not afraid anymore
What makes you sure you're all I need? (I need)
Forget about it
When you walk out the door and leave me torn
You're teaching me to live without it
Bored, I'm so bored, I'm so bored, so bored
I'm home alone, you're God-knows-where
I hope you don't think that shit's fair, ah
Giving you all you want and more
Giving you every piece of me
I don't want love I can't afford
I just want you to love for free
Can't you see that I'm getting bored?
Giving you every piece of me, piece of me
I'm not afraid anymore
What makes you sure you're all I need?
Forget about it
When you walk out the door and leave me torn
You're teaching me to live without it
Bored, I'm so bored, I'm so bored, so bored
Giving you what you're begging for
Giving you what you say I need
I don't want any settled scores
I just want you to set me free
Giving you what you're begging for
Giving you what you say I need, say I need
I'm not afraid anymore
What makes you sure you're all I need?
Forget about it
And when you walk out the door and leave me torn
You're teaching me to live without it",279,1375
Billie Eilish,Six Feet Under,Six Feet Under,"Help, I lost myself again
But I remember you
Don't come back, it won't end well
But I wish you'd tell me to
Our love is six feet under
I can't help but wonder
If our grave was watered by the rain
Would roses bloom?
Could roses bloom again?
Retrace my lips, erase your touch
It's all too much for me
Blow away like smoke in air
How can you die carelessly?
Our love is six feet under
I can't help but wonder
If our grave was watered by the rain
Would roses bloom?
Could roses bloom?
They're playin' us out
Layin' us down tonight
And all of these clouds
Cryin' us back to life
But you're cold as a knife
Six feet under
I can't help but wonder
If our grave was watered by the rain
Bloom, bloom again
Help, I lost myself again
But I remember you",149,740
Billie Eilish,Lo Vas A Olvidar,Lo Vas A Olvidar,"Dime si me echas de meno' aún
Dime si no me perdonas aún
¿Qué harás con to' este veneno? Na' bueno
Dime si me echas de meno' aún
¿Lo va' a olvidar? Can you let it go? Can you let it go?
¿Lo va' a olvidar? Can you let it go? ¿Lo va' a olvidar?
¿Lo va' a olvidar? Can you let it go? Can you let it go?
¿Lo va' a olvidar? Can you let it go? ¿Lo va' a olvidar?
Isn't good
And, yeah, that's it
Ah, besitos, hahaha
Take care, please
Dime que no te arrepientes aún
Dime si aún queda algo en común
El tiempo que se pierde no vuelve
Dame un beso y bájame de la cru'
¿Lo va' a olvidar? Can you let it go? Can you let it go?
¿Lo va' a olvidar? Can you let it go? ¿Lo va' a olvidar?
¿Lo va' a olvidar? Can you let it go? Can you let it go?
¿Lo va' a olvidar? Can you let it go? ¿Lo va' a olvidar?
Ay, ay
Ay, ay, ay, ah-ah
El amor no puede medirse en paso' firme'
Un día soy un Dio' y al otro puedo partirme
I needed to go 'cause I needed to know you don't need me
You reap what you sow, but it seems like you don't even see me
El amor no puede medirse en paso' firme'
Un día soy un Dio' y al otro puedo partirme
You say it to me like it's something I have any choice in
If I wasn't important, then why would you waste all your poison?",270,1222
Billie Eilish,bitches broken hearts,Bitches Broken Hearts,"You can pretend you don't miss me (Me)
You can pretend you don't care
All you wanna do is kiss me (Me)
Oh, what a shame I'm not there
You can pretend you don't miss me (Me)
You can pretend you don't care
All you wanna do is kiss me (Me)
Oh, what a shame I'm not there
What is it you want?
You can lie, but I know that you're not fine (Don't, all you)
Every time you talk
It's all 'bout me, but you swear I'm not on your mind (Don't)
You can pretend you don't miss me (All you, me)
You can pretend you don't care
All you wanna do is kiss me (Me)
Oh, what a shame I'm not there
Everybody knows
You and I are suicide and stolen art (Don't, all you)
Pretty mama sews
Stitches into all your bitches' broken hearts (Don't)
You can pretend you don't miss me (All you, me)
You can pretend you don't care
All you wanna do is kiss me (Me)
Oh, what a shame I'm not there
Somebody new is gonna comfort you
Like you want me to
Somebody new is gonna comfort me
Like you never do
Every now and then, it hits me
That I'm the one that got away
But I guess being lonely fits me
And you were made for begging, ""stay""",228,1097
Billie Eilish,come out and play,Come Out and Play,"Hmm-mm
Wake up and smell the coffee
Is your cup half full or empty?
When we talk, you say it softly
But I love it when you're awfully quiet
Hmm-mm, quiet
Hmm-mm
You see the piece of paper
Could be a little greater
Show me what you could make her
You'll never know until you try it
Hmm-mm
And you don't have to keep it quiet
And I know it makes you nervous
But I promise you, it's worth it
To show 'em everything you kept inside
Don't hide, don't hide
Too shy to say, but I hope you stay
Don't hide away
Come out and play
Look up, out of your window
See snow, won't let it in though
Leave home, feel the wind blow
'Cause it's colder here inside in silence
And you don't have to keep it quiet
Yeah, I know it makes you nervous
But I promise you, it's worth it
To show 'em everything you kept inside
Don't hide, don't hide
Too shy to say but I hope you stay
Don't hide away
Come out and play",182,888
Billie Eilish,WHEN I WAS OLDER,When I Was Older,"When I was older
I was a sailor on an open sea
But now I'm underwater
And my skin is paler than it should ever be
Hmm
I'm on my back again
Dreaming of a time and place
Where you and I remain the best of friends
Even after all this ends
Can we pretend?
I'm on my, I'm on my back again
It's seeming more and more
Like all we ever do is see how far it bends
Before it breaks in half and then
We bend it back again
Guess I got caught in the middle of it
Yes I've been taught, got a little of it
In my blood, in my blood
Memories burn like a forest fire
Heavy rain turns any funeral pyre to mud
In the flood
When I was older
I was a sailor on an open sea
But now I'm underwater
And my skin is paler than it should ever be
I'm watching movies back to back in black and white, I never
Seen anybody do it like I do it any better
Been goin' over you, I'm overdue for new endeavors
Nobody lonely like I'm lonely and I don't know whether
You'd really like it in the limelight
You'd sympathize with all the bad guys
I'm still a victim in my own right
But I'm the villain in my own eyes, yeah
When I was older
I was a sailor on an open sea",242,1126
Billie Eilish,Guess featuring billie eilish,Guess,"Hey, Billie, you there?
Uh-uh
You wanna guess the colour of my underwear
You wanna know what I got goin' on down there
Is it pretty in pink or all see-through?
Is it showin' off my brand-new lower-back tattoo?
You wanna put 'em in your mouth, pull 'em all down south
You wanna turn this shit out, that's what I'm talkin' about
Pu-pu-pu-put 'em in your mouth, pull 'em all down south
You wanna turn this shit out, that's what l'm talkin' about (Yeah)
Try it, bite it, lick it, spit it
Pull it to the side and get all up in it
Wear 'em, post 'em, might remix it
Send 'em to The Dare, yeah, I think he's with it
Try it, bite it, lick it, spit it
Pull it to the side and get all up in it
Wear 'em, post 'em, might remix it
Eat it up for lunch, yeah, it's so delicious
(Work it out)
Don't have to guess the color of your underwear
Already know what you've got goin' on down there
It's that lacy black pair with the little bows
The ones I picked out for you in Tokyo
I saw them when you sat down, they were peekin' out
I'm gonna tell you right now, they're all I'm thinkin' about
I wanna try it, bite it, lick it, spit it
Pull it to the side and get all up in it
Kiss it, ride it, can I fit it?
Charli likes boys, but she knows I'd hit it
(Knows I'd hit it)
Charli, call me if you're with it
(Yeah) Guess, guess, guess, guess, guess, guess, guess, guess
Guess, guess, guess, guess, guess, guess, guess, guess
Guess, guess, guess, guess, guess, guess, guess, guess
Guess, guess, guess, guess, guess, guess, guess, guess
You wanna guess what me and Billie have been textin' about? (We've been disrespectful)
Still tryin' to guess the password to my Google Drive (Are you obsessed with me?)
You wanna guess the address of the party we're at (You know you're not invited)
You wanna guess if we're serious about this song",352,1810
Billie Eilish,What Was I Made For?,What Was I Made For?,"I used to float, now I just fall down
I used to know, but I'm not sure now
What I was made for
What was I made for?
Takin' a drive, I was an ideal
Looked so alive, turns out I'm not real
Just somethin' you paid for
What was I made for?
'Cause I, I
I don't know how to feel
But I wanna try
I don't know how to feel
But someday, I might
Someday, I might
Mm, mm, ah
Mm, mm, mm
When did it end? All the enjoyment
I'm sad again, don't tell my boyfriend
It's not what he's made for
What was I made for?
'Cause I, 'cause I
I don't know how to feel
But I wanna try
I don't know how to feel
But someday, I might
Someday, I might
Think I forgot how to be happy
Somethin' I'm not, but somethin' I can be
Somethin' I wait for
Somethin' I'm made for
Somethin' I'm made for",164,759
Billie Eilish,hotline (edit),hotline (edit),"(Late night when you need my love)
(Call me on my cell phone)
(I know when that hotline bling)
(That can only mean one thing)
(I know when that hotline bling)
(That can only mean one thing)",37,189
